{
    "global": {
        "accuracy": 0.7780621572212065,
        "f1_macro_avg": 0.7438926825114344
    },
    "classe_0_benin": {
        "precision": 0.804062741064541,
        "recall": 0.8737077395920648,
        "f1-score": 0.8374397429030531
    },
    "classe_1_grave": {
        "precision": 0.7141049968374447,
        "recall": 0.5970386039132733,
        "f1-score": 0.6503456221198156
    }
}