{
    "global": {
        "accuracy": 0.7787934186471663,
        "f1_macro_avg": 0.744788953249246
    },
    "classe_0_benin": {
        "precision": 0.8046814713195576,
        "recall": 0.8740802831330912,
        "f1-score": 0.8379464285714285
    },
    "classe_1_grave": {
        "precision": 0.7151885401306088,
        "recall": 0.5984487925260004,
        "f1-score": 0.6516314779270633
    }
}