{
    "global": {
        "accuracy": 0.7761121267519805,
        "f1_macro_avg": 0.7412961380867522
    },
    "classe_0_benin": {
        "precision": 0.8020183015479346,
        "recall": 0.8734283319362951,
        "f1-score": 0.8362015158270174
    },
    "classe_1_grave": {
        "precision": 0.7118931524273903,
        "recall": 0.5919266701921382,
        "f1-score": 0.646390760346487
    }
}