{
    "global": {
        "accuracy": 0.7770871419865936,
        "f1_macro_avg": 0.7422628286798583
    },
    "classe_0_benin": {
        "precision": 0.8023921401110636,
        "recall": 0.8747322343298873,
        "f1-score": 0.8370020497281883
    },
    "classe_1_grave": {
        "precision": 0.71413390010627,
        "recall": 0.59227921734532,
        "f1-score": 0.6475236076315284
    }
}