{
    "global": {
        "accuracy": 0.7898423817863398,
        "f1_macro_avg": 0.7246164000738127
    },
    "classe_0_benin": {
        "precision": 0.8145679505088804,
        "recall": 0.9077525241293422,
        "f1-score": 0.8586394042660609
    },
    "classe_1_grave": {
        "precision": 0.7003323219187979,
        "recall": 0.5105867481302012,
        "f1-score": 0.5905933958815646
    }
}