{
    "global": {
        "accuracy": 0.7916493494037533,
        "f1_macro_avg": 0.7213359347562385
    },
    "classe_0_benin": {
        "precision": 0.8169633846029631,
        "recall": 0.9107560756075608,
        "f1-score": 0.8613138686131386
    },
    "classe_1_grave": {
        "precision": 0.6952980946527351,
        "recall": 0.49950325643006954,
        "f1-score": 0.5813580008993383
    }
}